hora_pc,timestamp_ms,distance_cm,reference_distance_cm,difference_cm,threshold_cm,detection_score,object_detected,servo_angle,angle_cluster_start,angle_cluster_end
03:18:29,400627,30.78,32.63,1.88,8.0,0,False,147,,
03:18:29,400632,30.78,32.63,1.88,8.0,0,False,148,,
03:18:29,401329,30.78,31.61,0.84,8.0,0,False,154,,
03:18:30,401675,30.78,30.89,0.11,8.0,0,False,156,,
03:18:31,403303,35.83,65.59,29.76,8.0,3,True,170,169,170
03:18:32,404351,32.09,65.08,32.99,8.0,5,True,161,161,166
03:18:33,405283,32.09,31.62,-0.48,8.0,0,False,153,,
03:18:34,406237,30.78,31.88,1.11,8.0,0,False,144,,
03:18:35,407261,34.69,39.32,4.72,8.0,5,False,135,,
03:18:37,409231,32.09,57.92,25.83,8.0,5,True,119,119,125
03:18:38,409698,35.84,35.1,-0.76,8.0,0,False,115,,
03:18:39,411326,36.08,64.17,28.09,8.0,5,False,101,101,101
03:18:40,411678,34.92,63.92,29.0,8.0,5,True,98,96,99
03:18:41,413391,35.17,66.4,31.23,8.0,5,True,84,80,87
03:18:42,413940,34.92,50.5,15.58,8.0,5,True,80,80,87
03:18:43,415370,,55.77,0.0,0.0,4,True,74,72,74
03:18:44,415852,35.84,21.55,-14.59,8.0,0,False,71,,
03:18:46,417767,,55.57,0.0,0.0,2,False,61,,
03:18:54,426092,83.13,62.9,-20.64,8.0,4,True,14,13,18
03:18:54,426097,83.13,62.9,-20.64,8.0,5,True,15,13,18
03:18:54,426444,35.62,62.06,26.44,8.0,5,True,17,13,18
03:18:56,427638,32.6,34.8,2.24,8.0,0,False,28,,
03:18:56,428432,8.59,52.47,43.88,8.0,5,True,34,33,35
03:18:57,429459,30.01,66.3,36.29,8.0,5,True,43,43,45
03:18:58,429927,32.09,51.78,19.7,8.0,5,True,47,47,54
03:18:59,430915,36.31,69.89,33.59,8.39,5,True,54,47,54
03:19:00,431931,35.16,11.17,-24.48,8.0,0,False,62,,
03:19:01,432876,32.09,27.78,-4.4,8.0,0,False,71,,
03:19:02,433811,5.37,,0.0,0.0,0,False,78,,
03:19:03,435029,35.16,67.71,32.55,8.12,5,True,86,80,87
03:19:04,435848,2.42,49.87,47.45,8.0,5,True,94,93,94
03:19:05,436937,4.77,55.04,50.28,8.0,5,True,103,103,105
03:19:06,437939,2.42,57.95,55.54,8.0,5,True,112,107,114
03:19:07,438915,1.84,66.44,64.6,8.0,5,True,121,119,125
03:19:08,439938,35.84,35.91,0.07,8.0,0,False,128,,
03:19:09,440884,30.78,59.27,28.48,8.0,5,False,135,135,135
03:19:10,441932,36.55,31.34,-5.32,8.0,0,False,144,,
03:19:11,442979,29.74,31.58,1.88,8.0,0,False,153,,
03:19:12,443979,,66.48,0.0,0.0,4,True,158,158,159
03:19:13,444866,36.08,65.96,29.88,8.0,5,True,162,161,166
03:19:14,445888,,67.01,0.0,0.0,0,True,167,161,166
03:19:15,447087,,65.99,0.0,0.0,3,True,169,169,170
03:19:16,448075,,67.46,0.0,0.0,3,True,165,161,166
03:19:17,448835,,65.96,0.0,0.0,4,True,161,161,166
03:19:18,450047,,38.38,0.0,0.0,0,False,157,,
03:19:19,451035,,31.58,0.0,0.0,0,False,153,,
03:19:20,452023,,32.19,0.0,0.0,0,False,149,,
03:19:21,452841,34.69,31.4,-3.36,8.0,0,False,144,,
03:19:22,453907,74.95,23.69,-52.3,8.0,0,False,138,,
03:19:23,454913,36.77,32.67,-4.18,8.0,0,False,133,,
03:19:24,455951,,37.45,0.0,0.0,0,False,127,,
03:19:25,456950,,57.24,0.0,0.0,5,True,122,119,125
03:19:26,457923,,57.92,0.0,0.0,4,True,119,119,125
03:19:27,458870,57.71,35.43,-22.73,8.0,5,False,114,,
03:19:28,460069,,57.78,0.0,0.0,4,True,110,107,114
03:19:29,461057,,36.36,0.0,0.0,0,False,106,,
03:19:30,461979,,64.17,0.0,0.0,4,False,101,101,101
03:27:36,948455,,68.85,0.0,0.0,2,False,169,,
03:27:36,948460,,68.85,0.0,0.0,0,False,170,,
03:27:36,948465,,68.85,0.0,0.0,0,False,170,,
03:28:24,996399,35.62,67.11,31.49,8.05,5,True,158,158,159
03:28:25,997205,35.84,67.99,32.15,8.16,5,True,164,161,166
03:28:26,998247,34.92,,0.0,0.0,0,False,168,,
03:28:27,999295,34.69,66.68,31.99,8.0,5,True,159,158,159
03:28:28,1000256,36.31,39.75,3.51,8.0,0,False,150,,
03:28:29,1001179,35.16,36.14,1.01,8.0,0,False,142,,
03:28:30,1002253,34.69,41.72,7.17,8.0,0,False,134,,
03:28:31,1003306,35.62,40.75,5.24,8.0,1,False,127,,
03:28:32,1004253,34.69,59.75,25.06,8.0,0,True,118,119,125
03:28:33,1005218,55.02,58.6,3.66,8.0,4,True,110,107,114
03:28:34,1006366,,59.08,0.0,0.0,0,False,104,,
03:28:35,1007234,76.74,,0.0,0.0,0,False,100,,
03:28:36,1008244,35.6,,0.0,0.0,5,False,94,,
03:28:37,1009352,75.67,68.92,-6.89,8.25,1,False,87,,
03:28:38,1010328,,81.21,0.0,0.0,1,False,81,,
03:28:39,1011286,73.5,39.23,-34.98,8.0,0,False,76,,
03:28:40,1012257,34.92,32.74,-2.22,8.0,0,False,68,,
03:28:41,1013339,35.16,21.29,-14.15,8.0,0,False,60,,
03:28:42,1014231,5.08,70.19,65.11,8.42,5,True,53,52,54
03:28:43,1015207,3.0,49.91,46.91,8.0,3,False,44,,
03:28:44,1016278,20.01,38.11,18.1,8.0,1,False,36,,
03:28:45,1017312,55.31,40.12,-15.49,8.0,0,False,28,,
03:28:46,1018372,55.29,38.17,-17.47,8.0,0,False,21,,
03:28:47,1019200,35.84,62.13,26.29,8.0,4,False,16,,
03:28:48,1020415,,36.87,0.0,0.0,0,False,10,,
03:28:49,1021259,35.16,62.36,27.2,8.0,3,True,15,13,18
03:38:22,1594028,55.99,64.26,8.27,8.0,5,True,97,96,99
03:38:22,1594033,55.99,64.26,8.27,8.0,5,True,96,96,99
03:38:22,1594038,55.99,64.26,8.27,8.0,5,True,96,96,99
03:38:23,1595233,57.28,,0.0,0.0,0,False,91,,
03:38:24,1596018,55.46,69.26,13.8,8.31,4,True,86,83,87
03:38:25,1597058,58.41,54.63,-3.86,8.0,0,False,79,,
03:38:26,1598108,55.58,41.85,-14.02,8.0,0,False,75,,
03:38:27,1599140,57.26,37.32,-20.36,8.0,0,False,70,,
03:38:28,1600078,56.01,35.64,-20.79,8.0,0,False,66,,
03:38:29,1601058,,56.6,0.0,0.0,0,False,60,,
04:03:29,88701,43.37,17.13,-26.77,8.0,0,False,110,,
04:03:29,88905,14.89,16.53,1.67,8.0,0,False,108,,
04:03:31,90795,42.17,41.95,-0.22,8.0,0,False,92,,
04:03:32,91712,14.89,43.17,28.29,8.0,3,True,84,79,84
04:03:33,92740,41.57,15.94,-26.16,8.0,0,False,75,,
04:03:34,93104,42.17,42.74,0.58,8.0,0,False,71,,
04:03:34,93899,42.98,16.14,-27.39,8.0,0,False,65,,
04:03:35,94747,43.0,45.31,2.36,8.0,1,False,57,,
04:03:36,95888,4.48,41.94,37.46,8.0,1,False,48,,
04:03:37,96846,5.08,48.26,43.19,8.0,2,False,39,,
04:03:38,97911,2.71,43.4,40.69,8.0,3,True,29,27,32
04:03:39,98869,2.13,39.92,37.79,8.0,1,False,20,,
04:03:40,99898,43.58,50.79,7.36,8.0,1,False,11,,
04:03:41,100830,41.97,48.63,6.8,8.0,2,False,17,,
04:03:42,101880,40.68,48.46,7.94,8.0,0,False,26,,
04:03:43,102921,8.01,48.27,40.26,8.0,4,True,35,34,41
04:03:44,103855,38.38,15.82,-23.02,8.0,2,False,44,,
04:03:45,104786,10.07,15.03,5.06,8.0,0,False,52,,
04:11:03,53184,98.01,96.61,-1.43,11.59,0,False,142,,,0,False
04:11:04,54405,77.71,97.52,19.82,11.7,0,False,132,,,0,False
04:11:05,55508,275.19,100.53,-178.22,11.64,0,False,126,,,0,False
04:11:06,56551,111.89,97.77,-14.4,11.7,0,False,120,,,0,False
04:11:07,57351,65.58,98.09,32.51,11.77,0,False,113,,,0,False
04:11:08,57978,58.28,97.2,38.92,11.66,0,False,108,,,0,False
04:11:09,59157,56.85,97.26,40.4,11.67,1,False,99,,,0,False
04:11:10,60129,56.44,97.65,41.21,11.72,2,False,91,,,0,False
04:11:11,61195,30.29,97.21,66.92,11.66,1,False,82,,,0,False
04:11:12,62131,56.56,96.31,39.75,11.56,2,False,74,,,0,False
04:11:13,63175,39.77,96.74,56.97,11.61,2,False,65,,,0,False
04:11:14,64117,40.44,97.19,56.75,11.66,1,False,56,,,0,False
04:11:15,65040,40.7,96.74,56.05,11.61,2,False,49,,,0,False
04:11:16,66088,39.31,105.16,65.86,12.62,2,False,40,,,0,False
04:11:18,68103,41.38,275.38,233.99,33.05,0,False,22,,,0,False
04:11:19,69140,44.8,100.21,55.41,12.03,1,False,14,,,0,False
04:11:19,67137,41.57,98.17,56.6,11.78,2,False,31,,,0,False
04:11:20,70091,42.58,100.21,57.63,12.03,2,False,14,,,0,False
04:11:21,71139,42.38,275.38,233.0,33.05,3,True,23,11,23,1,True
04:11:22,72095,40.01,98.17,58.16,11.78,1,True,32,11,31,1,False
04:11:23,73139,41.98,105.16,63.18,12.62,1,True,41,11,40,1,False
04:11:24,74062,39.77,96.74,56.97,11.61,2,True,49,11,70,1,False
04:11:25,75098,41.59,97.19,55.6,11.66,3,True,57,11,70,1,False
04:11:26,76268,44.4,96.74,52.34,11.61,3,True,67,11,70,1,False
04:11:28,78499,56.01,97.22,41.21,11.67,3,True,86,11,88,1,False
04:11:28,78536,56.01,97.22,41.21,11.67,2,True,87,11,88,1,False
04:12:43,152888,41.37,96.74,55.38,11.61,5,True,48,10,115,1,True
04:12:44,154483,39.07,96.97,57.91,11.64,5,True,35,10,115,1,False
04:12:45,155532,39.77,97.45,57.68,11.69,5,True,26,10,115,1,False
04:12:46,156496,48.71,108.2,59.49,12.98,5,True,18,10,115,1,False
04:12:47,156891,43.99,99.61,55.62,11.95,4,True,14,10,115,1,False
04:12:48,157934,57.28,100.21,42.93,12.03,5,True,14,10,115,1,False
04:12:49,158890,48.53,98.77,50.23,11.85,5,True,22,10,115,1,False
04:12:50,159878,47.59,100.41,52.82,12.05,5,True,31,10,115,1,False
04:12:51,160898,39.31,97.21,57.9,11.66,5,True,39,10,115,1,False
04:12:52,161946,39.53,96.74,57.21,11.61,5,True,48,10,115,1,False
04:12:53,162995,38.62,97.19,58.57,11.66,5,True,57,10,115,1,False
04:12:54,163926,39.77,96.74,56.97,11.61,5,True,65,10,115,1,False
04:16:24,374197,39.31,103.62,64.31,12.43,5,True,153,10,170,1,True
04:16:24,374202,39.31,103.62,64.31,12.43,5,True,152,10,170,1,False
04:16:24,374549,37.94,103.84,65.91,12.46,5,True,150,10,170,1,False
04:16:26,376444,40.01,112.93,72.92,13.55,5,True,133,10,170,1,False
04:16:28,378168,43.39,101.66,58.27,12.2,5,True,118,10,170,1,False
04:16:28,378617,38.86,99.6,60.74,11.95,5,True,115,10,170,1,False
04:16:29,379550,38.62,98.09,59.47,11.77,5,True,107,10,170,1,False
04:16:30,380133,40.01,98.49,58.48,11.82,5,True,102,10,170,1,False
04:16:31,381196,40.7,97.26,56.57,11.67,5,True,93,10,170,1,False
04:16:32,382169,57.85,97.21,39.36,11.66,5,True,85,10,170,1,False
04:16:33,383228,41.78,97.19,55.41,11.66,5,True,76,10,170,1,False
04:17:02,27607,57.85,44.65,-13.46,8.0,0,False,15,,,1,False
04:17:02,27612,57.85,44.65,-13.46,8.0,0,False,15,,,1,False
04:17:03,28564,58.26,53.59,-4.77,8.0,0,False,22,,,1,False
04:17:03,28587,58.26,53.59,-4.77,8.0,0,False,23,,,1,False
04:17:03,29173,58.69,41.51,-17.53,8.0,0,False,27,,,1,False
04:17:04,30196,57.85,55.23,-2.68,8.0,0,False,35,,,1,False
04:17:14,40259,76.66,69.64,-7.17,8.34,0,False,119,,,1,False
04:17:14,40263,76.66,69.64,-7.17,8.34,0,False,119,,,1,False
04:17:15,41127,59.8,60.49,0.7,8.0,0,False,124,,,1,False
04:17:15,41164,59.8,60.49,0.7,8.0,0,False,125,,,1,False
04:17:15,41255,59.82,60.91,1.11,8.0,0,False,125,,,1,False
04:17:16,41897,,58.96,0.0,0.0,0,False,128,,,1,False
04:17:16,42162,,149.53,0.0,0.0,0,False,130,,,1,False
04:17:17,42514,59.05,149.55,90.5,17.95,1,False,131,,,1,False
04:17:18,44205,,58.69,0.0,0.0,0,False,140,,,1,False
04:17:19,44682,,59.53,0.0,0.0,0,False,142,,,1,False
04:17:20,46037,149.02,59.54,-91.31,8.0,0,False,151,,,1,False
04:17:21,46416,149.46,149.46,0.0,17.94,0,False,153,,,1,False
04:17:22,48135,59.12,58.7,-0.43,8.0,0,False,167,,,1,False
04:17:23,48624,59.53,58.31,-1.24,8.0,0,False,169,,,1,False
04:17:24,50081,59.1,58.7,-0.4,8.0,0,False,157,,,1,False
04:17:25,50460,58.69,59.53,0.86,8.0,0,False,153,,,1,False
04:17:26,52078,57.01,70.04,13.04,8.4,0,False,140,,,1,False
04:17:27,52531,57.85,59.49,1.68,8.0,0,False,137,,,1,False
04:17:28,54109,58.26,60.45,2.23,8.0,0,False,124,,,1,False
04:17:29,54477,58.69,75.69,17.0,9.08,1,False,121,,,1,False
04:17:30,56084,59.12,57.73,-1.41,8.0,0,False,107,,,1,False
04:17:31,56567,58.69,56.33,-2.4,8.0,0,False,104,,,1,False
04:17:32,58032,59.12,57.59,-1.56,8.0,0,False,92,,,1,False
04:17:33,58400,58.28,57.55,-0.74,8.0,0,False,89,,,1,False
04:17:34,60111,59.12,57.45,-1.7,8.0,0,False,75,,,1,False
04:17:35,60487,59.12,57.03,-2.13,8.0,1,False,71,,,1,False
04:17:36,62057,58.69,41.29,-17.75,8.0,0,False,59,,,1,False
04:17:37,62444,58.26,39.45,-19.19,8.0,1,False,55,,,1,False
04:17:38,64122,60.8,48.06,-12.99,8.0,0,False,42,,,1,False
04:17:39,64490,61.64,48.83,-13.07,8.0,0,False,38,,,1,False
04:17:40,66189,52.8,50.79,-2.06,8.0,0,False,25,,,1,False
04:17:41,66554,54.69,53.61,-1.11,8.0,0,False,22,,,1,False
04:17:42,68054,59.97,45.49,-14.78,8.0,0,False,11,,,1,False
04:17:43,68514,59.13,45.21,-14.21,8.0,0,False,14,,,1,False
04:17:44,70115,59.12,42.18,-17.28,8.0,0,False,28,,,1,False
04:17:45,70588,59.12,57.74,-1.4,8.0,0,False,31,,,1,False
04:17:46,72059,58.26,48.97,-9.48,8.0,0,False,43,,,1,False
04:17:47,72548,58.28,49.32,-9.14,8.0,0,False,47,,,1,False
04:17:48,74140,61.24,40.79,-20.87,8.0,0,False,60,,,1,False
04:17:49,74509,58.26,41.17,-17.44,8.0,0,False,63,,,1,False
04:17:50,76145,57.42,42.43,-15.29,8.0,0,False,76,,,1,False
04:17:51,76634,57.42,7.97,-50.46,8.0,0,False,80,,,1,False
04:17:52,78105,57.01,57.58,0.58,8.0,0,False,92,,,1,False
04:17:53,78615,57.01,57.68,0.69,8.0,0,False,97,,,1,False
04:17:54,80055,57.01,57.72,0.73,8.0,0,False,109,,,1,False
04:17:55,80532,57.85,68.75,10.91,8.25,3,False,112,112,112,1,False
04:17:56,82116,58.53,60.81,2.33,8.0,0,False,125,,,1,False
04:17:57,82494,57.3,58.91,1.65,8.0,1,False,129,,,1,False
04:17:58,84080,61.91,69.88,8.13,8.4,0,False,141,,,1,False
04:17:59,84455,57.69,59.43,1.77,8.0,0,False,144,,,1,False
04:18:00,86097,101.24,59.55,-42.53,8.0,0,False,158,,,1,False
04:18:01,86497,63.33,59.19,-4.23,8.0,0,False,161,,,1,False
04:18:02,88075,57.71,58.78,1.09,8.0,0,False,167,,,1,False
04:18:03,88447,58.12,59.2,1.1,8.0,0,False,163,,,1,False
04:18:04,90102,55.45,60.34,4.99,8.0,0,False,151,,,1,False
04:18:05,90489,93.16,61.45,-32.35,8.0,0,False,148,,,1,False
04:18:06,92207,148.57,60.48,-89.89,8.0,0,False,135,,,1,False
04:18:07,92766,82.85,149.55,66.7,17.95,4,True,131,129,131,2,True
04:18:07,93310,148.19,70.09,-79.7,8.22,1,False,127,,,2,False
04:18:09,95218,55.6,68.75,13.15,8.25,4,False,112,112,112,2,False
04:18:10,95722,149.02,59.62,-91.23,8.0,0,False,108,,,2,False
04:18:11,97036,35.28,57.34,22.06,8.0,0,False,98,,,2,False
04:18:12,97468,29.76,57.68,27.93,8.0,1,False,96,,,2,False
04:18:13,99151,48.72,7.72,-41.84,8.0,0,False,83,,,2,False
04:18:14,99829,184.53,11.5,-176.56,8.0,0,False,79,,,2,False
04:18:14,100227,103.29,40.45,-64.13,8.0,0,False,76,,,2,False
04:18:16,102062,42.98,42.14,-0.85,8.0,0,False,63,,,2,False
04:18:17,102638,42.98,41.65,-1.35,8.0,0,False,59,,,2,False
04:18:18,104174,43.0,43.58,0.6,8.0,0,False,48,,,2,False
04:18:19,104716,80.52,49.59,-31.56,8.0,0,False,43,,,2,False
04:18:20,106125,42.58,55.57,12.98,8.0,1,False,33,,,2,False
04:18:21,106568,149.1,51.06,-100.05,8.0,0,False,30,,,2,False
04:18:22,108159,79.27,45.58,-34.37,8.0,0,False,18,,,2,False
04:18:23,108528,42.19,45.54,3.42,8.0,0,False,14,,,2,False
04:18:24,110059,42.58,45.52,3.0,8.0,0,False,19,,,2,False
04:18:25,110473,149.03,55.3,-95.65,8.0,0,False,22,,,2,False
04:18:26,112132,42.19,57.24,15.05,8.0,1,False,35,,,2,False
04:18:27,112521,75.58,50.5,-25.59,8.0,0,False,39,,,2,False
04:18:29,115113,148.57,43.79,-106.92,8.0,0,False,59,,,2,False
04:18:30,115581,42.19,41.23,-0.97,8.0,0,False,63,,,2,False
04:18:30,114116,42.19,43.38,1.22,8.0,0,False,51,,,2,False
04:18:31,117138,42.58,43.61,1.05,8.0,0,False,76,,,2,False
04:18:32,117605,42.58,12.12,-31.08,8.0,0,False,80,,,2,False
04:18:33,119055,42.19,57.58,15.39,8.0,2,False,92,,,2,False
04:18:34,119523,42.19,57.68,15.49,8.0,2,False,96,,,2,False
04:18:35,121150,149.03,61.34,-89.48,8.0,0,False,108,,,2,False
04:18:36,121550,42.58,58.21,15.63,8.0,1,False,111,,,2,False
04:18:37,123076,77.19,60.79,-16.74,8.0,0,False,124,,,2,False
04:18:38,123589,78.44,59.84,-18.98,8.0,0,False,128,,,2,False
04:18:39,125107,78.36,59.77,-18.97,8.0,0,False,140,,,2,False
04:18:40,125611,43.0,60.11,17.12,8.0,1,False,144,,,2,False
04:18:41,127128,42.58,59.82,17.24,8.0,1,False,157,,,2,False
04:18:42,127597,42.58,58.17,15.59,8.0,1,False,161,,,2,False
04:18:43,129120,43.0,58.88,15.88,8.0,2,False,166,,,2,False
04:18:44,129607,42.98,59.47,16.49,8.0,1,False,161,,,2,False
04:18:45,131058,43.0,60.34,17.34,8.0,2,False,151,,,2,False
04:18:46,131586,78.91,59.89,-19.41,8.0,0,False,147,,,2,False
04:18:47,133081,148.66,63.64,-86.75,8.0,0,False,135,,,2,False
04:18:48,133585,78.91,63.48,-15.74,8.0,0,False,132,,,2,False
04:18:49,135045,42.98,75.69,32.71,9.08,4,True,120,120,123,3,True
04:18:50,135619,42.98,65.91,22.93,8.0,5,True,116,114,123,3,False
04:18:51,137081,42.58,58.09,15.51,8.0,0,False,103,,,3,False
04:18:52,137659,43.0,57.34,14.35,8.0,3,True,99,87,101,4,True
04:18:53,139118,78.91,56.58,-22.78,8.0,0,False,86,,,4,False
04:18:54,139606,79.35,10.45,-70.31,8.0,0,False,83,,,4,False
04:18:55,141111,55.33,58.8,3.54,8.0,0,False,71,,,4,False
04:18:56,141617,79.34,48.2,-31.77,8.0,0,False,67,,,4,False
04:18:57,143134,78.91,44.68,-34.93,8.0,0,False,54,,,4,False
04:18:58,143521,55.31,43.17,-12.38,8.0,0,False,51,,,4,False
04:18:59,145073,78.44,50.79,-28.22,8.0,0,False,39,,,4,False
04:19:00,145579,78.44,57.66,-21.21,8.0,0,False,35,,,4,False
04:19:01,147164,79.25,45.43,-34.51,8.0,0,False,23,,,4,False
04:19:02,147714,78.82,53.59,-25.75,8.0,0,False,19,,,4,False
04:19:03,149051,42.19,46.06,3.95,8.0,0,False,12,,,4,False
04:19:04,149517,42.19,48.09,6.02,8.0,0,False,15,,,4,False
04:19:05,151101,149.19,43.12,-108.23,8.0,0,False,27,,,4,False
04:19:06,151528,183.56,48.65,-137.66,8.0,0,False,30,,,4,False
04:19:07,153093,73.28,49.74,-24.02,8.0,0,False,40,,,4,False
04:19:08,153568,43.0,49.44,6.58,8.0,0,False,44,,,4,False
04:19:09,155188,148.66,46.19,-104.56,8.0,0,False,56,,,4,False
04:19:10,155609,148.67,46.57,-104.18,8.0,0,False,59,,,4,False
04:19:11,157074,43.0,58.8,15.8,8.0,2,False,72,,,4,False
04:19:12,157602,74.07,58.18,-16.22,8.0,0,False,75,,,4,False
04:19:13,159141,42.58,57.85,15.27,8.0,2,False,88,,,4,False
04:19:14,159619,43.0,57.53,14.53,8.0,3,False,93,,,4,False
04:19:15,161040,42.58,58.09,15.51,8.0,1,False,105,,,4,False
04:19:16,161608,43.0,61.74,18.74,8.0,1,False,109,,,4,False
04:19:17,163129,42.58,75.69,33.11,9.08,4,True,122,110,123,5,True
04:19:18,163715,42.98,70.43,27.46,8.45,1,False,127,,,5,False
04:19:19,165027,43.0,150.36,107.37,18.04,0,True,139,137,138,6,True
04:19:20,165484,43.0,62.28,19.28,8.0,1,False,142,,,6,False
04:19:21,167124,42.58,60.19,17.6,8.0,3,True,156,150,158,7,True
04:19:22,167495,42.58,60.49,17.91,8.0,0,False,160,,,7,False
04:19:23,169020,42.58,58.78,16.2,8.0,3,True,167,162,170,8,True
04:19:24,169475,43.0,59.2,16.21,8.0,4,True,164,162,170,8,False
04:19:25,171110,42.58,59.72,17.14,8.0,4,True,150,150,170,8,False
04:19:26,171679,148.66,63.43,-86.96,8.0,0,False,146,,,8,False
04:19:27,173193,148.67,65.34,-85.03,8.0,0,False,136,,,8,False
04:19:28,173626,42.58,60.74,18.15,8.0,1,False,132,133,133,8,False
04:19:29,175074,42.98,75.69,32.71,9.08,5,True,121,110,124,9,True
04:19:30,175542,42.58,63.15,20.57,8.0,5,True,117,110,124,9,False
04:19:31,177108,43.0,58.09,15.1,8.0,2,True,103,87,124,9,False
04:19:32,177682,43.0,57.34,14.35,8.0,5,True,99,87,124,9,False
04:19:33,179086,42.98,56.58,13.61,8.0,3,True,87,87,124,9,False
04:19:34,179558,43.0,11.74,-31.89,8.0,0,False,83,,,9,False
04:19:35,181197,43.0,49.55,6.69,8.0,0,False,69,,,9,False
04:19:36,181665,42.58,50.87,8.28,8.0,2,False,65,,,9,False
04:19:37,183061,42.17,43.68,1.54,8.0,0,False,53,,,9,False
04:19:38,183529,42.17,48.26,6.21,8.0,0,False,49,,,9,False
04:19:39,185158,42.58,57.98,15.4,8.0,1,False,35,,,9,False
04:19:40,185630,42.19,62.65,20.46,8.0,1,False,31,,,9,False
04:19:41,187041,149.63,61.27,-90.16,8.0,0,False,19,,,9,False
04:19:42,187450,80.07,45.0,-35.79,8.0,0,False,16,,,9,False
04:19:43,189128,79.64,50.23,-30.01,8.0,0,False,16,,,9,False
04:19:44,189635,74.6,61.54,-13.33,8.0,0,False,20,,,9,False
04:19:45,191052,42.58,55.09,12.5,8.0,1,False,33,,,9,False
04:19:46,191508,73.33,56.87,-16.8,8.0,0,False,36,,,9,False
04:19:47,193087,74.6,48.78,-26.35,8.0,0,False,50,,,9,False
04:19:48,193539,73.8,44.28,-30.12,8.0,0,False,53,,,9,False
04:19:49,195028,78.38,51.42,-27.51,8.0,2,False,66,,,9,False
04:19:50,195507,74.14,50.05,-24.58,8.0,0,False,69,,,9,False
04:19:51,197169,42.17,12.35,-30.43,8.0,0,False,83,,,9,False
04:19:53,199021,74.24,57.62,-16.96,8.0,5,True,99,87,124,10,True
04:19:54,199500,42.19,58.77,16.58,8.0,4,True,102,87,124,10,False
04:19:54,197788,73.8,58.17,-15.94,8.0,2,False,88,,,10,False
04:19:55,201147,74.24,66.08,-8.33,8.0,4,True,116,87,124,11,True
04:19:56,201635,42.19,68.41,26.22,8.21,5,True,120,87,124,11,False
04:19:57,203202,42.19,60.74,18.55,8.0,4,True,133,127,133,11,False
04:19:58,203712,78.38,62.61,-16.09,8.0,0,False,137,,,11,False
04:19:59,205127,42.19,63.47,21.28,8.0,1,False,148,,,11,False
04:20:00,205601,42.19,59.9,17.71,8.0,5,True,152,150,170,12,True
04:20:01,207189,183.21,61.26,-124.44,8.0,3,True,165,150,170,12,False
04:20:02,207699,149.22,60.25,-90.79,8.0,3,True,169,150,170,12,False
04:20:03,209138,149.24,62.42,-88.59,8.0,2,False,161,,,12,False
04:20:04,209595,150.11,61.57,-90.35,8.0,4,True,158,150,169,13,True
04:20:05,211019,150.66,65.21,-87.19,8.0,1,False,147,,,13,False
04:20:06,211427,74.69,61.33,-13.63,8.0,0,False,145,,,13,False
04:20:07,213076,78.82,61.1,-18.09,8.0,3,True,133,127,133,14,True
04:20:08,213627,183.75,150.22,-34.21,17.94,4,True,129,127,133,14,False
04:20:09,215101,149.29,71.32,-79.56,8.37,5,True,117,87,125,14,False
04:20:10,215616,149.31,66.59,-84.41,8.0,4,True,114,87,125,14,False
04:20:11,217068,42.19,58.79,16.6,8.0,5,True,103,87,125,14,False
04:20:12,217540,41.79,57.69,15.89,8.0,5,True,99,87,125,14,False
04:20:13,219214,149.22,47.14,-104.17,8.0,0,False,86,,,14,False
04:20:14,219630,148.83,15.08,-136.48,8.0,0,False,83,,,14,False
04:20:15,221077,74.6,61.15,-13.73,8.0,1,False,73,,,14,False
04:20:16,221468,149.21,61.55,-89.44,8.0,0,False,70,,,14,False
04:20:17,223149,148.78,46.25,-104.62,8.0,0,False,58,,,14,False
04:20:18,223617,42.58,43.34,0.77,8.0,0,False,54,,,14,False
04:20:19,225076,148.33,50.23,-100.1,8.0,0,False,43,,,14,False
04:20:20,225677,149.14,54.68,-96.38,8.0,1,False,39,,,14,False
04:20:21,227088,149.12,50.42,-100.72,8.0,0,False,29,,,14,False
04:20:22,227704,42.58,46.86,4.36,8.0,0,False,23,,,14,False
04:20:23,229091,42.58,47.25,4.76,8.0,0,False,12,,,14,False
04:20:24,229559,42.58,47.15,4.66,8.0,0,False,12,,,14,False
04:20:25,231074,74.16,47.4,-27.3,8.0,2,False,25,,,14,False
04:20:26,231640,42.19,50.42,8.23,8.0,1,False,29,,,14,False
04:20:27,233051,42.19,51.52,9.34,8.0,1,False,41,,,14,False
04:20:28,233531,41.79,50.95,9.15,8.0,0,False,46,,,14,False
04:20:29,235096,78.48,48.38,-30.72,8.0,0,False,57,,,14,False
04:20:30,235627,79.27,44.92,-35.05,8.0,0,False,61,,,14,False
04:20:31,237128,149.31,61.95,-89.14,8.0,1,True,73,71,72,15,True
04:20:32,237655,78.82,47.55,-31.91,8.0,0,False,76,,,15,False
04:20:33,239139,79.28,58.85,-20.86,8.0,2,False,87,,,15,False
04:20:34,239672,42.19,60.11,17.92,8.0,4,True,91,87,93,16,True
04:20:35,241206,42.19,58.79,16.6,8.0,5,True,103,87,125,16,False
04:20:36,241706,149.22,63.72,-87.25,8.0,1,False,107,,,16,False
04:20:37,243086,149.22,72.88,-77.9,8.56,2,False,118,,,16,False
04:20:38,243607,42.19,75.69,33.5,9.08,5,True,122,111,125,17,True
04:20:39,245141,149.19,62.86,-88.09,8.0,2,False,133,,,17,False
04:20:40,245690,42.6,64.35,21.75,8.0,1,False,137,,,17,False
04:20:41,247093,42.58,67.74,25.15,8.13,1,False,149,,,17,False
04:20:42,247614,148.79,149.45,0.67,17.94,4,True,153,150,169,18,True
04:20:43,249095,73.8,62.19,-11.85,8.0,2,False,165,,,18,False
04:20:44,249625,148.78,62.36,-88.18,8.0,2,True,169,165,169,19,True
04:20:45,251060,42.58,64.15,21.57,8.0,3,False,160,,,19,False
04:20:46,251639,42.58,62.67,20.08,8.0,5,True,156,150,163,20,True
04:20:47,253165,42.58,73.57,30.98,8.83,2,False,143,,,20,False
04:20:48,253640,42.6,64.54,21.94,8.0,2,False,139,,,20,False
04:20:49,255047,42.19,72.01,29.82,8.64,1,True,126,127,134,21,True
04:20:50,255616,42.19,75.69,33.5,9.08,5,True,122,111,134,21,False
04:20:51,257150,42.19,62.0,19.81,8.0,4,True,109,109,134,21,False
04:20:52,257619,42.19,59.02,16.83,8.0,5,True,105,87,134,21,False
04:20:53,259117,42.19,58.43,16.25,8.0,4,True,93,87,134,21,False
04:20:54,259703,149.21,60.46,-90.56,8.0,1,False,89,,,21,False
04:20:55,261081,42.58,19.59,-23.47,8.0,0,False,79,,,21,False
04:20:56,261671,42.6,61.89,19.29,8.0,3,False,74,74,74,21,False
04:20:57,263024,42.19,42.61,0.43,8.0,0,False,62,,,21,False
04:20:58,263602,73.71,47.43,-26.82,8.0,0,False,58,,,21,False
04:20:59,265153,42.19,50.95,8.76,8.0,2,False,45,,,21,False
04:21:00,265710,149.21,53.48,-97.68,8.0,0,False,41,,,21,False
04:21:01,267015,42.19,56.97,14.78,8.0,2,True,31,30,33,22,True
04:21:02,267567,149.6,56.53,-94.97,8.0,3,False,28,28,28,22,False
04:21:03,269082,148.76,51.11,-99.65,8.0,0,False,18,,,22,False
04:21:04,269659,73.71,46.74,-27.53,8.0,0,False,14,,,22,False
04:21:05,271210,78.74,51.66,-27.63,8.0,0,False,18,,,22,False
04:21:06,271834,149.14,53.19,-97.9,8.0,0,False,23,,,22,False
04:21:06,272270,149.14,49.21,-101.97,8.0,0,False,26,,,22,False
04:21:08,274081,43.0,56.59,13.6,8.0,0,False,40,,,22,False
04:21:09,274670,73.71,52.07,-22.08,8.0,0,False,44,,,22,False
04:21:10,276038,42.58,45.7,3.18,8.0,0,False,55,,,22,False
04:21:11,276506,42.58,49.39,6.94,8.0,0,False,59,,,22,False
04:21:12,278134,42.58,62.9,20.32,8.0,2,False,73,,,22,False
04:21:13,278602,42.58,44.05,1.49,8.0,0,False,77,,,22,False
04:21:14,280020,42.58,60.46,17.87,8.0,3,False,90,,,22,False
04:21:15,280462,42.58,58.43,15.85,8.0,5,True,93,87,134,23,True
04:21:16,282091,42.6,63.72,21.12,8.0,3,True,107,87,134,23,False
04:21:17,282674,42.58,70.37,27.78,8.44,5,True,112,87,134,23,False
04:21:18,284070,42.58,61.14,18.56,8.0,5,True,124,87,134,23,False
04:21:19,284566,78.29,64.69,-13.87,8.0,1,False,128,,,23,False
04:21:21,287108,42.19,67.74,25.55,8.13,3,True,149,144,163,24,True
04:21:22,287609,42.58,149.45,106.87,17.93,4,True,154,144,163,24,False
04:21:22,286155,42.58,75.15,32.57,9.02,3,True,141,129,163,24,False
04:21:23,289104,42.19,60.96,18.77,8.0,5,True,166,165,170,24,False
04:21:24,289751,73.81,62.5,-11.54,8.0,3,False,168,,,24,False
04:21:25,291103,184.14,64.95,-121.62,8.0,2,False,159,,,24,False
04:21:26,291646,74.72,63.52,-11.43,8.0,4,True,155,144,160,25,True
04:21:27,293136,149.33,63.9,-87.17,8.0,4,True,144,144,160,25,False
04:21:28,293741,149.33,65.6,-85.43,8.0,2,False,140,,,25,False
04:21:29,295073,78.84,149.12,70.28,17.89,5,True,129,129,134,26,True
04:21:30,295523,150.13,73.57,-78.12,8.64,4,True,127,87,127,26,False
04:21:31,297057,78.82,67.96,-11.08,8.13,4,True,116,87,127,26,False
04:21:32,297552,74.71,70.45,-4.34,8.44,4,True,112,87,127,26,False
04:21:33,299106,43.6,57.69,14.09,8.0,5,True,99,87,127,26,False
04:21:34,299618,43.6,57.9,14.31,8.0,5,True,95,87,127,26,False
04:21:35,301084,149.33,62.32,-88.79,8.0,2,False,84,,,26,False
04:21:36,301523,74.71,22.53,-53.24,8.0,0,False,80,,,26,False
04:21:37,303094,148.88,53.07,-97.76,8.0,1,False,69,,,26,False
04:21:38,303687,148.9,55.75,-95.05,8.0,1,False,65,,,26,False
04:21:39,305147,149.31,47.77,-103.61,8.0,0,False,55,,,26,False
04:21:40,305756,149.24,49.04,-102.25,8.0,0,False,51,,,26,False
04:21:41,307083,148.86,54.23,-96.56,8.0,0,False,42,,,26,False
04:21:42,307625,148.86,56.84,-93.9,8.0,3,True,38,37,40,27,True
04:21:43,309171,42.19,49.07,7.02,8.0,0,False,26,,,27,False
04:21:44,309666,42.19,60.11,17.92,8.0,3,False,22,22,22,27,False
04:21:45,311064,148.78,50.27,-100.52,8.0,0,False,10,,,27,False
04:21:46,311579,42.6,49.38,6.92,8.0,0,False,14,,,27,False
04:21:47,313102,42.58,59.03,16.45,8.0,0,False,26,25,25,27,False
04:21:48,313640,42.6,54.33,11.73,8.0,2,False,29,,,27,False
04:21:49,315055,148.78,58.43,-92.19,8.0,2,False,40,,,27,False
04:21:50,315633,148.78,56.04,-94.63,8.0,0,False,43,,,27,False
04:21:51,317139,42.58,46.54,4.03,8.0,0,False,54,,,27,False
04:21:52,317613,42.6,49.23,6.76,8.0,0,False,58,,,27,False
04:21:53,319083,42.19,63.54,21.35,8.0,2,False,70,,,27,False
04:21:54,319558,42.19,62.14,19.95,8.0,4,True,74,65,74,28,True
04:21:55,321130,148.79,62.7,-87.85,8.0,0,False,87,,,28,False
04:21:56,321668,42.58,63.65,21.07,8.0,4,True,91,89,127,29,True
04:21:57,323071,42.58,58.79,16.21,8.0,5,True,103,89,127,29,False
04:21:58,323562,42.19,63.72,21.53,8.0,4,True,108,89,127,29,False
04:21:59,325098,149.15,70.44,-80.32,8.26,4,True,121,89,127,29,False
04:22:00,325588,42.6,61.5,18.89,8.0,2,True,125,89,127,29,False
04:22:01,327038,42.6,68.92,26.32,8.27,2,False,137,,,29,False
04:22:02,327590,149.21,67.27,-83.61,8.0,1,False,140,,,29,False
04:22:03,329072,149.22,62.09,-88.91,8.0,4,True,151,150,160,30,True
04:22:04,329656,42.19,63.52,21.33,8.0,5,True,155,150,160,30,False
04:22:05,331209,74.16,61.11,-13.31,8.0,3,True,167,166,169,30,False
04:22:06,331836,77.93,63.1,-15.13,8.0,2,False,168,,,30,False
04:22:07,332360,42.19,64.34,22.15,8.0,3,False,163,,,30,False
04:22:08,334157,42.19,69.5,27.31,8.34,2,False,149,,,30,False
04:22:09,334812,149.21,67.28,-83.6,8.0,2,False,144,,,30,False
04:22:09,335257,149.21,78.11,-72.54,9.2,0,False,141,,,30,False
04:22:11,337136,149.21,68.04,-82.82,8.0,0,False,128,,,30,False
04:22:12,337671,42.19,61.5,19.31,8.0,5,True,123,89,127,31,True
04:22:13,339107,41.78,70.45,28.67,8.45,5,True,111,89,127,31,False
04:22:14,339686,41.79,63.72,21.92,8.0,5,True,107,89,127,31,False
04:22:15,341114,42.19,57.9,15.72,8.0,5,True,95,89,127,31,False
04:22:16,341588,42.19,63.65,21.46,8.0,4,True,90,89,127,31,False
04:22:17,343185,74.69,22.7,-53.04,8.0,0,False,79,,,31,False
04:22:18,343737,41.79,60.65,18.86,8.0,4,True,74,65,75,32,True
04:22:19,345081,42.19,55.67,13.48,8.0,3,True,66,65,67,32,False
04:22:20,345581,42.19,46.99,4.9,8.0,0,False,62,,,32,False
04:22:21,347096,148.88,52.98,-97.86,8.0,0,False,50,,,32,False
04:22:22,347649,76.23,56.39,-20.24,8.0,1,False,47,,,32,False
04:22:23,349082,42.19,63.33,21.14,8.0,3,False,35,35,35,32,False
04:22:24,349556,42.19,67.74,25.55,8.13,2,True,30,28,32,33,True
04:22:25,351034,150.66,61.04,-91.45,8.0,4,True,19,18,22,33,False
04:22:26,351519,184.19,56.46,-130.34,8.0,1,False,16,,,33,False
04:22:27,353111,44.01,51.26,7.41,8.0,0,False,17,,,33,False
04:22:28,353726,44.4,60.4,15.99,8.0,4,True,22,18,22,34,True
04:22:29,355122,149.33,69.37,-81.59,8.13,2,False,31,,,34,False
04:22:30,355663,78.38,63.63,-15.05,8.0,2,False,35,,,34,False
04:22:31,357086,42.19,57.48,15.29,8.0,2,False,46,,,34,False
04:22:32,357554,42.19,50.85,8.66,8.0,1,False,50,,,34,False
04:22:33,359135,73.71,45.22,-29.07,8.0,0,False,63,,,34,False
04:22:34,359726,150.13,54.98,-97.09,8.0,2,False,67,,,34,False
04:22:35,361062,73.8,45.8,-28.57,8.0,0,False,77,,,34,False
04:22:36,361620,149.77,28.62,-123.62,8.0,0,False,81,,,34,False
04:22:37,363164,183.75,62.56,-123.66,8.0,4,True,92,89,127,35,True
04:22:38,363745,149.33,59.52,-91.64,8.0,4,True,96,89,127,35,False
04:22:39,365072,149.34,61.13,-90.02,8.0,3,True,105,89,127,35,False
04:22:40,365523,148.52,65.31,-84.9,8.0,5,True,109,89,127,35,False
04:22:41,367079,149.33,67.8,-83.19,8.0,3,True,119,89,127,35,False
04:22:42,367626,148.5,149.1,0.61,17.89,4,True,123,89,127,35,False
04:22:43,369065,150.15,65.28,-86.6,8.0,0,False,133,,,35,False
04:22:44,369530,149.33,72.1,-78.8,8.46,0,False,137,,,35,False
04:22:45,371123,148.86,67.04,-83.49,8.0,1,False,147,,,35,False
04:22:46,371656,74.62,61.43,-13.46,8.0,3,True,151,150,160,36,True
04:22:47,373192,149.33,68.51,-82.46,8.02,0,False,162,,,36,False
04:22:48,373640,149.31,66.79,-84.2,8.0,2,False,166,,,36,False
04:22:49,375112,42.19,66.17,23.98,8.0,4,True,163,163,169,37,True
04:22:50,375588,42.19,66.82,24.63,8.02,2,False,159,,,37,False
04:22:51,377186,148.78,70.25,-80.13,8.24,0,False,146,,,37,False
04:22:52,377794,148.78,73.98,-76.32,8.69,0,False,142,,,37,False
04:22:53,379070,149.24,66.96,-83.96,8.0,0,False,133,,,37,False
04:22:54,379643,148.79,150.11,1.35,18.02,2,False,129,,,37,False
04:22:55,381104,42.19,74.5,32.31,8.94,3,True,117,89,127,38,True
04:22:56,381714,148.79,68.06,-82.38,8.0,3,True,113,89,127,38,False
04:22:57,383116,74.16,61.17,-13.25,8.0,2,False,103,,,38,False
04:22:58,383673,79.18,58.53,-21.07,8.0,4,True,98,89,127,39,True
04:22:59,385147,148.78,65.45,-85.03,8.0,0,False,88,,,39,False
04:23:00,385596,74.17,45.05,-29.72,8.0,1,False,84,,,39,False
04:23:01,387097,75.79,61.26,-14.83,8.0,1,False,75,,,39,False
04:23:02,387731,55.31,63.83,8.52,8.0,3,True,70,70,72,40,True
04:23:03,389187,55.46,49.07,-6.52,8.0,0,False,58,,,40,False
04:23:04,389796,55.33,49.23,-6.22,8.0,0,False,53,,,40,False
04:23:06,392099,55.03,65.03,10.0,8.0,4,True,34,34,35,41,True
04:23:07,392708,55.46,56.22,0.77,8.0,1,False,29,,,41,False
04:23:08,394165,55.46,51.35,-4.2,8.0,0,False,17,,,41,False
14:26:32,4543531,55.17,67.16,11.99,8.06,5,True,104,10,170,1,True
14:26:33,4544585,46.8,67.0,20.19,8.04,5,True,96,10,170,1,False
14:26:34,4545588,55.31,67.14,11.84,8.06,4,True,87,10,170,1,False
14:26:35,4546692,22.12,67.33,45.2,8.08,5,True,78,10,170,1,False
14:26:36,4547594,18.73,66.01,47.28,8.0,5,True,70,10,170,1,False
14:26:37,4548618,28.45,67.36,38.91,8.08,5,True,61,10,170,1,False
14:26:38,4549626,16.48,67.43,50.95,8.09,5,True,52,10,170,1,False
14:26:39,4550633,15.85,65.98,50.14,8.0,5,True,43,10,170,1,False
14:26:40,4551561,42.79,67.0,24.21,8.04,5,True,35,10,170,1,False
14:26:41,4552544,48.55,67.11,18.56,8.05,5,True,26,10,170,1,False
14:26:42,4553592,50.27,67.04,16.77,8.04,5,True,18,10,170,1,False
14:26:43,4554662,52.48,67.17,14.69,8.06,5,True,11,10,170,1,False
14:26:44,4555635,48.72,67.29,18.56,8.07,5,True,19,10,170,1,False
14:26:45,4556595,68.51,67.14,-1.4,8.05,4,True,27,10,170,1,False
14:26:46,4557570,56.6,67.0,10.4,8.04,5,True,35,10,170,1,False
14:26:47,4558671,68.14,65.68,-2.51,8.0,4,True,44,10,170,1,False
14:26:48,4559665,53.85,67.43,13.58,8.09,5,True,52,10,170,1,False
